drop schema public cascade;

create schema if not exists public;

alter schema public owner to postgres;

create sequence hibernate_sequence
as integer minvalue 30;

alter sequence hibernate_sequence owner to postgres;

create table if not exists "EMPLOYEE"
(
    "ID" serial not null
        constraint user_pk
            primary key,
    "IS_ADMIN" boolean not null,
    "FIRST_NAME" varchar(50) not null,
    "LAST_NAME" varchar(50) not null,
    "EMAIL" varchar(200) not null,
    "PASS_WORD" varchar(250) not null,
    "PHONE_NUMBER" varchar(15) not null,
    "POINTS" double precision not null
);

comment on table "EMPLOYEE" is '//this is the table about the user';

alter table "EMPLOYEE" owner to postgres;

create unique index if not exists user_email_uindex
    on "EMPLOYEE" ("EMAIL");

create unique index if not exists user_id_uindex
    on "EMPLOYEE" ("ID");

create unique index if not exists "user_phone number_uindex"
    on "EMPLOYEE" ("PHONE_NUMBER");

create table if not exists "PASSENGER"
(
    "ID" serial not null
        constraint pass_pk
            primary key,
    "EMPLOYEE_ID" integer not null
        constraint pass_employee_id_fk
            references "EMPLOYEE",
    "RATE_PASSENGER" integer not null,
    "RATING_PEOPLE" integer not null
);

alter table "PASSENGER" owner to postgres;

create table if not exists "DRIVER"
(
    "ID" serial not null
        constraint driver_pk
            primary key,
    "EMPLOYEE_ID" integer not null
        constraint driver_employee_id_fk
            references "EMPLOYEE",
    "RATE_DRIVER" integer not null,
    "RATING_PEOPLE" integer not null
);

alter table "DRIVER" owner to postgres;

create table if not exists "CAR"
(
    "ID" integer not null
        constraint cars_pk
            primary key,
    "CAR_COLOR" varchar(50) not null,
    "VEH_NUMBER" varchar(50) not null,
    "MODEL" varchar(200) not null,
    "DRIVER_ID" integer not null
        constraint cars_driver_driver_id_fk
            references "DRIVER",
    "IS_DELETED" boolean not null
);

comment on table "CAR" is '/// this is the description that every car has';

alter table "CAR" owner to postgres;

create table if not exists "BLACKLIST_PASSENGER"
(
    "PASS_ID" integer not null
        constraint blacklist_pass_passenger_pass_id_fk
            references "PASSENGER",
    "DRIVER_ID" integer not null
        constraint blacklist_pass_driver_driver_id_fk
            references "DRIVER",
    "ID" serial not null
        constraint blacklist_pass_pk
            primary key
);

alter table "BLACKLIST_PASSENGER" owner to postgres;

create table if not exists "BLACKLIST_DRIVER"
(
    "PASS_ID" integer not null
        constraint blacklist_driver_passenger_pass_id_fk
            references "PASSENGER",
    "DRIVER_ID" integer not null
        constraint blacklist_driver_driver_driver_id_fk
            references "DRIVER",
    "ID" serial not null
        constraint blacklist_driver_pk
            primary key
);

alter table "BLACKLIST_DRIVER" owner to postgres;

create table if not exists "CHAT"
(
    "ID" serial not null
        constraint chat_pk
            primary key,
    "HISTORY" varchar(1000000)
);

alter table "CHAT" owner to postgres;

create unique index if not exists chat_id_uindex
    on "CHAT" ("ID");

create table if not exists "TRIP_DRIVER"
(
    "ID" integer not null
        constraint trip_driver_pk
            primary key,
    "POINT_START" varchar(500) not null,
    "POINT_END" varchar(500) not null,
    "CAR_ID" integer not null
        constraint "trip_driver_cars_car_id _fk"
            references "CAR",
    "IS_ACTIVE" boolean not null,
    "IS_FINISHED" boolean not null,
    "IS_SAVED" boolean not null,
    "TIME_END" timestamp,
    "AVAILABLE_SEATS" integer not null,
    "TIME_START" timestamp not null,
    "DISTANCE" double precision not null,
    "IS_HISTORY" boolean not null,
    "COORD_START" bytea,
    "COORD_END" bytea,
    "CHAT" integer
        constraint trip_driver_chat_id_fk
            references "CHAT",
    "RATING" double precision,
    "RATED_PEOPLE" integer
);

comment on column "TRIP_DRIVER"."IS_FINISHED" is '//finished -- true
// cancelled -- false';

comment on column "TRIP_DRIVER"."IS_HISTORY" is '//true -- not deleted from history
//false -- deleted from history';

alter table "TRIP_DRIVER" owner to postgres;

create table if not exists "TRIP_PASSENGER"
(
    "ID" serial not null
        constraint trip_pass_pk
            primary key,
    "POINT_START" varchar(500) not null,
    "POINT_END" varchar(500) not null,
    "PASS_ID" integer not null
        constraint trip_pass_passenger_pass_id_fk
            references "PASSENGER",
    "IS_ACTIVE" boolean not null,
    "IS_FINISHED" boolean not null,
    "IS_SAVED" boolean not null,
    "TIME_END" timestamp not null,
    "TRIP_DRIVER" integer not null
        constraint trip_pass_trip_driver_trip_driver_id_fk
            references "TRIP_DRIVER",
    "BOOKED_SEATS" integer not null,
    "TIME_START" timestamp not null,
    "DISTANCE" double precision not null,
    "IS_HISTORY" boolean not null,
    "COORD_START" bytea,
    "COORD_END" bytea,
    "RATING" double precision
);

comment on column "TRIP_PASSENGER"."IS_FINISHED" is '// finishd -- true
// canceled -- false';

comment on column "TRIP_PASSENGER"."IS_HISTORY" is '//true -- not deleted
//false -- deleted from history';

alter table "TRIP_PASSENGER" owner to postgres;



INSERT INTO public."EMPLOYEE" ("ID", "IS_ADMIN", "FIRST_NAME", "LAST_NAME", "EMAIL", "PASS_WORD", "PHONE_NUMBER", "POINTS") VALUES (1, true, 'Alexey', 'Chernyakov', 'alexey.chernyakov00@gmail.com', '$2a$10$0od6QbKAUqBM8N9dsLSyjes20qglPvnAZCd5ansKgqsCdkqIuQfZa', '+375447164232', 100);
INSERT INTO public."EMPLOYEE" ("ID", "IS_ADMIN", "FIRST_NAME", "LAST_NAME", "EMAIL", "PASS_WORD", "PHONE_NUMBER", "POINTS") VALUES (6, true, 'Gleb', 'Kazachinskiy', 'raul221299@gmail.com', '$2a$10$xI7Cb136gk3EHOqRiXbmuuvjBkDxdVt9QB6jD9yKZxrBqIf9GW1tO', '+375293084364', 90);
INSERT INTO public."EMPLOYEE" ("ID", "IS_ADMIN", "FIRST_NAME", "LAST_NAME", "EMAIL", "PASS_WORD", "PHONE_NUMBER", "POINTS") VALUES (5, false, 'Julia', 'Romanova', 'youliaromanova99@mail.ru', '$2a$10$2CWvksizZgsMIDjDecf2PO6HBzs891278/youAlhIKaECvEK5Zi1O', '+375333466688', 80);
INSERT INTO public."EMPLOYEE" ("ID", "IS_ADMIN", "FIRST_NAME", "LAST_NAME", "EMAIL", "PASS_WORD", "PHONE_NUMBER", "POINTS") VALUES (3, false, 'Yana', 'Bernachkaya', 'yana.bernachkaya@gmail.com', '$2a$10$ZxVU57WTXj1y2SCRlZwT8eZxxx5CG.eL3QHXWEMkLooxPVIN.gf9m', '+375447822582', 60);
INSERT INTO public."EMPLOYEE" ("ID", "IS_ADMIN", "FIRST_NAME", "LAST_NAME", "EMAIL", "PASS_WORD", "PHONE_NUMBER", "POINTS") VALUES (2, false, 'Elizabeth', 'Kemerava', 'elizabeth.kemerov@gmail.com', '$2a$10$Hoj2Nb7T1y2d9fGJXcDl7.X3pFs2oSMpvNHp0yHG05ZX86TCc/.GS', '+375293031773', 50);
INSERT INTO public."EMPLOYEE" ("ID", "IS_ADMIN", "FIRST_NAME", "LAST_NAME", "EMAIL", "PASS_WORD", "PHONE_NUMBER", "POINTS") VALUES (4, false, 'Anastasia', 'Garost', 'garost99@mail.ru', '$2a$10$98rniKjkdglE13D/L8Or6OFhk3xNUyEnH0ltV6G5cBu7HB08m7gYi', '+375296521023', 70);
INSERT INTO public."DRIVER" ("ID", "EMPLOYEE_ID", "RATE_DRIVER", "RATING_PEOPLE") VALUES (8, 2, 0, 0);
INSERT INTO public."DRIVER" ("ID", "EMPLOYEE_ID", "RATE_DRIVER", "RATING_PEOPLE") VALUES (10, 4, 0, 0);
INSERT INTO public."DRIVER" ("ID", "EMPLOYEE_ID", "RATE_DRIVER", "RATING_PEOPLE") VALUES (11, 5, 0, 0);
INSERT INTO public."DRIVER" ("ID", "EMPLOYEE_ID", "RATE_DRIVER", "RATING_PEOPLE") VALUES (12, 6, 0, 0);
INSERT INTO public."DRIVER" ("ID", "EMPLOYEE_ID", "RATE_DRIVER", "RATING_PEOPLE") VALUES (7, 1, 4, 2);
INSERT INTO public."DRIVER" ("ID", "EMPLOYEE_ID", "RATE_DRIVER", "RATING_PEOPLE") VALUES (9, 3, 1, 1);
INSERT INTO public."PASSENGER" ("ID", "EMPLOYEE_ID", "RATE_PASSENGER", "RATING_PEOPLE") VALUES (13, 1, 0, 0);
INSERT INTO public."PASSENGER" ("ID", "EMPLOYEE_ID", "RATE_PASSENGER", "RATING_PEOPLE") VALUES (14, 2, 0, 0);
INSERT INTO public."PASSENGER" ("ID", "EMPLOYEE_ID", "RATE_PASSENGER", "RATING_PEOPLE") VALUES (15, 3, 0, 0);
INSERT INTO public."PASSENGER" ("ID", "EMPLOYEE_ID", "RATE_PASSENGER", "RATING_PEOPLE") VALUES (16, 4, 0, 0);
INSERT INTO public."PASSENGER" ("ID", "EMPLOYEE_ID", "RATE_PASSENGER", "RATING_PEOPLE") VALUES (18, 6, 0, 0);
INSERT INTO public."PASSENGER" ("ID", "EMPLOYEE_ID", "RATE_PASSENGER", "RATING_PEOPLE") VALUES (17, 5, 1, 1);
INSERT INTO public."CAR" ("ID", "CAR_COLOR", "VEH_NUMBER", "MODEL", "DRIVER_ID", "IS_DELETED") VALUES (19, 'red', '4851EE-3', 'Lada', 7, false);
INSERT INTO public."CAR" ("ID", "CAR_COLOR", "VEH_NUMBER", "MODEL", "DRIVER_ID", "IS_DELETED") VALUES (20, 'blue', '7392AB-7', 'Ferrari', 7, false);
INSERT INTO public."CAR" ("ID", "CAR_COLOR", "VEH_NUMBER", "MODEL", "DRIVER_ID", "IS_DELETED") VALUES (22, 'white', '0364RT-4', 'Pegeout', 8, false);
INSERT INTO public."CAR" ("ID", "CAR_COLOR", "VEH_NUMBER", "MODEL", "DRIVER_ID", "IS_DELETED") VALUES (23, 'black', '1418EE-3', 'Opel', 9, false);
INSERT INTO public."CAR" ("ID", "CAR_COLOR", "VEH_NUMBER", "MODEL", "DRIVER_ID", "IS_DELETED") VALUES (24, 'pink', '7493UI-1', 'BMW', 12, false);
INSERT INTO public."CAR" ("ID", "CAR_COLOR", "VEH_NUMBER", "MODEL", "DRIVER_ID", "IS_DELETED") VALUES (25, 'red', '0228CE-2', 'Mercedes', 10, false);
INSERT INTO public."CAR" ("ID", "CAR_COLOR", "VEH_NUMBER", "MODEL", "DRIVER_ID", "IS_DELETED") VALUES (26, 'blue', '0322TE-6', 'Volga', 7, false);
INSERT INTO public."CAR" ("ID", "CAR_COLOR", "VEH_NUMBER", "MODEL", "DRIVER_ID", "IS_DELETED") VALUES (27, 'green', '5392UE-5', 'Volvo', 12, false);
INSERT INTO public."CAR" ("ID", "CAR_COLOR", "VEH_NUMBER", "MODEL", "DRIVER_ID", "IS_DELETED") VALUES (28, 'red', '1038BE-7', 'BMW', 7, false);
INSERT INTO public."CAR" ("ID", "CAR_COLOR", "VEH_NUMBER", "MODEL", "DRIVER_ID", "IS_DELETED") VALUES (21, 'orange', '6923EQ-6', 'Citroen', 8, false);
INSERT INTO public."BLACKLIST_DRIVER" ("PASS_ID", "DRIVER_ID", "ID") VALUES (17, 7, 1);
INSERT INTO public."BLACKLIST_PASSENGER" ("PASS_ID", "DRIVER_ID", "ID") VALUES (13, 9, 1);
INSERT INTO public."TRIP_DRIVER" ("ID", "POINT_START", "POINT_END", "CAR_ID", "IS_ACTIVE", "IS_FINISHED", "IS_SAVED", "TIME_END", "AVAILABLE_SEATS", "TIME_START", "DISTANCE", "IS_HISTORY", "COORD_START", "COORD_END", "CHAT", "RATING", "RATED_PEOPLE") VALUES (41, 'Belarus, Minsk, praspiekt Niezaliežnasci, 89', 'Belarus, Minsk, vulica Rafijeva, 44', 28, false, false, false, '2019-08-08 03:15:00.000000', 2, '2019-08-08 02:15:00.000000', 100, true, E'\\xACED000573720026636F6D2E65786164656C2E65686974636868696B696E672E72657175657374732E506F696E74ADEBD33A615A8BBA020000787200226F72672E737072696E676672616D65776F726B2E646174612E67656F2E506F696E7431B9E90EF11A400602000244000178440001797870404AF6288051C9F7403B9B43419E3001', E'\\xACED000573720026636F6D2E65786164656C2E65686974636868696B696E672E72657175657374732E506F696E74ADEBD33A615A8BBA020000787200226F72672E737072696E676672616D65776F726B2E646174612E67656F2E506F696E7431B9E90EF11A400602000244000178440001797870404AEEC5E2CDC012403B7407BBB62414', 40, 0, 0);
INSERT INTO public."TRIP_DRIVER" ("ID", "POINT_START", "POINT_END", "CAR_ID", "IS_ACTIVE", "IS_FINISHED", "IS_SAVED", "TIME_END", "AVAILABLE_SEATS", "TIME_START", "DISTANCE", "IS_HISTORY", "COORD_START", "COORD_END", "CHAT", "RATING", "RATED_PEOPLE") VALUES (43, 'Belarus, Minsk, Kastryčnickaja vulica, 10', 'Belarus, Minsk, vulica Surhanava, 2А', 19, false, true, true, '2019-08-05 08:00:00.000000', 3, '2019-08-05 07:00:00.000000', 100, true, E'\\xACED000573720026636F6D2E65786164656C2E65686974636868696B696E672E72657175657374732E506F696E74ADEBD33A615A8BBA020000787200226F72672E737072696E676672616D65776F726B2E646174612E67656F2E506F696E7431B9E90EF11A400602000244000178440001797870404AF22D9CF13CEF403B9134CE3DE615', E'\\xACED000573720026636F6D2E65786164656C2E65686974636868696B696E672E72657175657374732E506F696E74ADEBD33A615A8BBA020000787200226F72672E737072696E676672616D65776F726B2E646174612E67656F2E506F696E7431B9E90EF11A400602000244000178440001797870404AF59B13165D3A403B9B75EA67E847', 42, 0, 0);
INSERT INTO public."TRIP_DRIVER" ("ID", "POINT_START", "POINT_END", "CAR_ID", "IS_ACTIVE", "IS_FINISHED", "IS_SAVED", "TIME_END", "AVAILABLE_SEATS", "TIME_START", "DISTANCE", "IS_HISTORY", "COORD_START", "COORD_END", "CHAT", "RATING", "RATED_PEOPLE") VALUES (45, 'Belarus, Minsk, vulica Janki Maŭra, 41', 'Belarus, Minsk, vulica Janki Kupaly', 28, false, true, true, '2019-08-04 04:00:00.000000', 1, '2019-08-04 03:00:00.000000', 100, true, E'\\xACED000573720026636F6D2E65786164656C2E65686974636868696B696E672E72657175657374732E506F696E74ADEBD33A615A8BBA020000787200226F72672E737072696E676672616D65776F726B2E646174612E67656F2E506F696E7431B9E90EF11A400602000244000178440001797870404AF24DCA8E2E2C403B7DD0B73D188F', E'\\xACED000573720026636F6D2E65786164656C2E65686974636868696B696E672E72657175657374732E506F696E74ADEBD33A615A8BBA020000787200226F72672E737072696E676672616D65776F726B2E646174612E67656F2E506F696E7431B9E90EF11A400602000244000178440001797870404AF3D2AE8E1D65403B90C586876E1E', 44, 0, 0);
INSERT INTO public."TRIP_DRIVER" ("ID", "POINT_START", "POINT_END", "CAR_ID", "IS_ACTIVE", "IS_FINISHED", "IS_SAVED", "TIME_END", "AVAILABLE_SEATS", "TIME_START", "DISTANCE", "IS_HISTORY", "COORD_START", "COORD_END", "CHAT", "RATING", "RATED_PEOPLE") VALUES (31, 'Belarus, Minsk, vulica Akademika Kupreviča, 3', 'Belarus, Minsk, praspiekt Niezaliežnasci, 4', 20, false, false, false, '2019-08-08 14:51:00.000000', 3, '2019-08-08 13:51:00.000000', 100, true, E'\\xACED000573720026636F6D2E65786164656C2E65686974636868696B696E672E72657175657374732E506F696E74ADEBD33A615A8BBA020000787200226F72672E737072696E676672616D65776F726B2E646174612E67656F2E506F696E7431B9E90EF11A400602000244000178440001797870404AF6B74DDF86E4403BAEF512663411', E'\\xACED000573720026636F6D2E65786164656C2E65686974636868696B696E672E72657175657374732E506F696E74ADEBD33A615A8BBA020000787200226F72672E737072696E676672616D65776F726B2E646174612E67656F2E506F696E7431B9E90EF11A400602000244000178440001797870404AF2699C7BCC29403B8C11A11233DF', 30, 0, 0);
INSERT INTO public."TRIP_DRIVER" ("ID", "POINT_START", "POINT_END", "CAR_ID", "IS_ACTIVE", "IS_FINISHED", "IS_SAVED", "TIME_END", "AVAILABLE_SEATS", "TIME_START", "DISTANCE", "IS_HISTORY", "COORD_START", "COORD_END", "CHAT", "RATING", "RATED_PEOPLE") VALUES (37, 'Belarus, Ščara River', 'Belarus, Minsk, vulica Kazlova', 20, false, true, false, '2019-08-09 02:20:00.000000', 1, '2019-08-09 01:20:00.000000', 100, true, E'\\xACED000573720026636F6D2E65786164656C2E65686974636868696B696E672E72657175657374732E506F696E74ADEBD33A615A8BBA020000787200226F72672E737072696E676672616D65776F726B2E646174612E67656F2E506F696E7431B9E90EF11A400602000244000178440001797870404A7D5EBFA8F7DB403979E2046C764B', E'\\xACED000573720026636F6D2E65786164656C2E65686974636868696B696E672E72657175657374732E506F696E74ADEBD33A615A8BBA020000787200226F72672E737072696E676672616D65776F726B2E646174612E67656F2E506F696E7431B9E90EF11A400602000244000178440001797870404AF4159817B95A403B96AC322291FB', 36, 0, 0);
INSERT INTO public."TRIP_DRIVER" ("ID", "POINT_START", "POINT_END", "CAR_ID", "IS_ACTIVE", "IS_FINISHED", "IS_SAVED", "TIME_END", "AVAILABLE_SEATS", "TIME_START", "DISTANCE", "IS_HISTORY", "COORD_START", "COORD_END", "CHAT", "RATING", "RATED_PEOPLE") VALUES (33, 'Belarus, Minsk, vulica Akademika Kupreviča, 3', 'Belarus, Minsk, praspiekt Niezaliežnasci, 4', 19, true, false, false, '2019-08-08 17:00:00.000000', 1, '2019-08-08 16:00:00.000000', 100, false, E'\\xACED000573720026636F6D2E65786164656C2E65686974636868696B696E672E72657175657374732E506F696E74ADEBD33A615A8BBA020000787200226F72672E737072696E676672616D65776F726B2E646174612E67656F2E506F696E7431B9E90EF11A400602000244000178440001797870404AF6B74DDF86E4403BAEF512663411', E'\\xACED000573720026636F6D2E65786164656C2E65686974636868696B696E672E72657175657374732E506F696E74ADEBD33A615A8BBA020000787200226F72672E737072696E676672616D65776F726B2E646174612E67656F2E506F696E7431B9E90EF11A400602000244000178440001797870404AF2699C7BCC29403B8C11A11233DF', 32, 0, 0);
INSERT INTO public."TRIP_DRIVER" ("ID", "POINT_START", "POINT_END", "CAR_ID", "IS_ACTIVE", "IS_FINISHED", "IS_SAVED", "TIME_END", "AVAILABLE_SEATS", "TIME_START", "DISTANCE", "IS_HISTORY", "COORD_START", "COORD_END", "CHAT", "RATING", "RATED_PEOPLE") VALUES (54, 'Belarus, Minsk, vulica Klary Cetkin', 'Belarus, Minsk, vulica Zacharava', 24, true, false, false, '2019-08-08 16:50:00.000000', 3, '2019-08-08 15:50:00.000000', 100, false, E'\\xACED000573720026636F6D2E65786164656C2E65686974636868696B696E672E72657175657374732E506F696E74ADEBD33A615A8BBA020000787200226F72672E737072696E676672616D65776F726B2E646174612E67656F2E506F696E7431B9E90EF11A400602000244000178440001797870404AF384FD2A62AA403B8FBD3804534C', E'\\xACED000573720026636F6D2E65786164656C2E65686974636868696B696E672E72657175657374732E506F696E74ADEBD33A615A8BBA020000787200226F72672E737072696E676672616D65776F726B2E646174612E67656F2E506F696E7431B9E90EF11A400602000244000178440001797870404AF384FD2A62AA403B8FBD3804534C', 53, 0, 0);
INSERT INTO public."TRIP_DRIVER" ("ID", "POINT_START", "POINT_END", "CAR_ID", "IS_ACTIVE", "IS_FINISHED", "IS_SAVED", "TIME_END", "AVAILABLE_SEATS", "TIME_START", "DISTANCE", "IS_HISTORY", "COORD_START", "COORD_END", "CHAT", "RATING", "RATED_PEOPLE") VALUES (52, 'Belarus, Minsk, Kastryčnicki rajon, residental complex Minsk-World', 'Belarus, Minskaja voblasć, trassa Minsk - Mogilev, 11-y kilometr', 27, true, false, false, '2019-08-08 16:50:00.000000', 2, '2019-08-08 16:10:00.000000', 100, false, E'\\xACED000573720026636F6D2E65786164656C2E65686974636868696B696E672E72657175657374732E506F696E74ADEBD33A615A8BBA020000787200226F72672E737072696E676672616D65776F726B2E646174612E67656F2E506F696E7431B9E90EF11A400602000244000178440001797870404AEF688BDA9436403B8D5D0B73D189', E'\\xACED000573720026636F6D2E65786164656C2E65686974636868696B696E672E72657175657374732E506F696E74ADEBD33A615A8BBA020000787200226F72672E737072696E676672616D65776F726B2E646174612E67656F2E506F696E7431B9E90EF11A400602000244000178440001797870404AED225B749ADD403BB234549B62C7', 51, 0, 0);
INSERT INTO public."TRIP_DRIVER" ("ID", "POINT_START", "POINT_END", "CAR_ID", "IS_ACTIVE", "IS_FINISHED", "IS_SAVED", "TIME_END", "AVAILABLE_SEATS", "TIME_START", "DISTANCE", "IS_HISTORY", "COORD_START", "COORD_END", "CHAT", "RATING", "RATED_PEOPLE") VALUES (35, 'Belarus, Minsk, praspiekt Niezaliežnasci, 168', 'Belarus, Minsk, Kastryčnickaja vulica, 10', 28, true, false, false, '2019-08-08 17:00:00.000000', 2, '2019-08-08 16:00:00.000000', 100, false, E'\\xACED000573720026636F6D2E65786164656C2E65686974636868696B696E672E72657175657374732E506F696E74ADEBD33A615A8BBA020000787200226F72672E737072696E676672616D65776F726B2E646174612E67656F2E506F696E7431B9E90EF11A400602000244000178440001797870404AF8E58A32F449403BB07160956C0D', E'\\xACED000573720026636F6D2E65786164656C2E65686974636868696B696E672E72657175657374732E506F696E74ADEBD33A615A8BBA020000787200226F72672E737072696E676672616D65776F726B2E646174612E67656F2E506F696E7431B9E90EF11A400602000244000178440001797870404AF22D9CF13CEF403B9134CE3DE615', 34, 0, 0);
INSERT INTO public."TRIP_DRIVER" ("ID", "POINT_START", "POINT_END", "CAR_ID", "IS_ACTIVE", "IS_FINISHED", "IS_SAVED", "TIME_END", "AVAILABLE_SEATS", "TIME_START", "DISTANCE", "IS_HISTORY", "COORD_START", "COORD_END", "CHAT", "RATING", "RATED_PEOPLE") VALUES (64, 'Belarus, Minsk, Frunzienski rajon', 'Belarus, Minsk, Partyzanski rajon', 28, false, false, false, '2019-08-08 19:15:00.000000', 3, '2019-08-08 18:15:00.000000', 100, true, E'\\xACED000573720026636F6D2E65786164656C2E65686974636868696B696E672E72657175657374732E506F696E74ADEBD33A615A8BBA020000787200226F72672E737072696E676672616D65776F726B2E646174612E67656F2E506F696E7431B9E90EF11A400602000244000178440001797870404AF384FD2A62AA403B8FBD3804534C', E'\\xACED000573720026636F6D2E65786164656C2E65686974636868696B696E672E72657175657374732E506F696E74ADEBD33A615A8BBA020000787200226F72672E737072696E676672616D65776F726B2E646174612E67656F2E506F696E7431B9E90EF11A400602000244000178440001797870404AF384FD2A62AA403B8FBD3804534C', 63, 0, 0);
INSERT INTO public."TRIP_DRIVER" ("ID", "POINT_START", "POINT_END", "CAR_ID", "IS_ACTIVE", "IS_FINISHED", "IS_SAVED", "TIME_END", "AVAILABLE_SEATS", "TIME_START", "DISTANCE", "IS_HISTORY", "COORD_START", "COORD_END", "CHAT", "RATING", "RATED_PEOPLE") VALUES (66, 'Belarus, Minsk, praspiekt Puškina', 'Belarus, Minsk', 19, false, false, false, '2019-08-08 21:25:00.000000', 3, '2019-08-08 20:25:00.000000', 100, true, E'\\xACED000573720026636F6D2E65786164656C2E65686974636868696B696E672E72657175657374732E506F696E74ADEBD33A615A8BBA020000787200226F72672E737072696E676672616D65776F726B2E646174612E67656F2E506F696E7431B9E90EF11A400602000244000178440001797870404AF4807BBB6241403B7EDDBDB5D895', E'\\xACED000573720026636F6D2E65786164656C2E65686974636868696B696E672E72657175657374732E506F696E74ADEBD33A615A8BBA020000787200226F72672E737072696E676672616D65776F726B2E646174612E67656F2E506F696E7431B9E90EF11A400602000244000178440001797870404AF384FD2A62AA403B8FBD3804534C', 65, 0, 0);
INSERT INTO public."TRIP_DRIVER" ("ID", "POINT_START", "POINT_END", "CAR_ID", "IS_ACTIVE", "IS_FINISHED", "IS_SAVED", "TIME_END", "AVAILABLE_SEATS", "TIME_START", "DISTANCE", "IS_HISTORY", "COORD_START", "COORD_END", "CHAT", "RATING", "RATED_PEOPLE") VALUES (39, 'Belarus, Minsk', 'Belarus, Minskaja voblasć, trassa Minsk - Mogilev, 11-y kilometr', 26, false, false, false, '2019-08-09 19:35:00.000000', 3, '2019-08-09 18:20:00.000000', 100, true, E'\\xACED000573720026636F6D2E65786164656C2E65686974636868696B696E672E72657175657374732E506F696E74ADEBD33A615A8BBA020000787200226F72672E737072696E676672616D65776F726B2E646174612E67656F2E506F696E7431B9E90EF11A400602000244000178440001797870404AF384FD2A62AA403B8FBD3804534C', E'\\xACED000573720026636F6D2E65786164656C2E65686974636868696B696E672E72657175657374732E506F696E74ADEBD33A615A8BBA020000787200226F72672E737072696E676672616D65776F726B2E646174612E67656F2E506F696E7431B9E90EF11A400602000244000178440001797870404AED225B749ADD403BB234549B62C7', 38, 0, 0);
INSERT INTO public."TRIP_DRIVER" ("ID", "POINT_START", "POINT_END", "CAR_ID", "IS_ACTIVE", "IS_FINISHED", "IS_SAVED", "TIME_END", "AVAILABLE_SEATS", "TIME_START", "DISTANCE", "IS_HISTORY", "COORD_START", "COORD_END", "CHAT", "RATING", "RATED_PEOPLE") VALUES (68, 'Belarus, Minsk, Minsk National Airport', 'Belarus, Hrodna', 23, false, true, false, '2019-08-07 17:00:00.000000', 1, '2019-08-07 16:00:00.000000', 100, true, E'\\xACED000573720026636F6D2E65786164656C2E65686974636868696B696E672E72657175657374732E506F696E74ADEBD33A615A8BBA020000787200226F72672E737072696E676672616D65776F726B2E646174612E67656F2E506F696E7431B9E90EF11A400602000244000178440001797870404AF1D1D4738A3B403C08A8B08DD1E5', E'\\xACED000573720026636F6D2E65786164656C2E65686974636868696B696E672E72657175657374732E506F696E74ADEBD33A615A8BBA020000787200226F72672E737072696E676672616D65776F726B2E646174612E67656F2E506F696E7431B9E90EF11A400602000244000178440001797870404AD6C343B70EF54037D45C03361566', 67, 0, 0);
INSERT INTO public."TRIP_DRIVER" ("ID", "POINT_START", "POINT_END", "CAR_ID", "IS_ACTIVE", "IS_FINISHED", "IS_SAVED", "TIME_END", "AVAILABLE_SEATS", "TIME_START", "DISTANCE", "IS_HISTORY", "COORD_START", "COORD_END", "CHAT", "RATING", "RATED_PEOPLE") VALUES (56, 'Belarus, Minsk', 'Belarus, Minsk, vulica Lieanida Biady', 24, true, false, false, '2019-08-08 17:10:00.000000', 2, '2019-08-08 16:10:00.000000', 100, false, E'\\xACED000573720026636F6D2E65786164656C2E65686974636868696B696E672E72657175657374732E506F696E74ADEBD33A615A8BBA020000787200226F72672E737072696E676672616D65776F726B2E646174612E67656F2E506F696E7431B9E90EF11A400602000244000178440001797870404AF384FD2A62AA403B8FBD3804534C', E'\\xACED000573720026636F6D2E65786164656C2E65686974636868696B696E672E72657175657374732E506F696E74ADEBD33A615A8BBA020000787200226F72672E737072696E676672616D65776F726B2E646174612E67656F2E506F696E7431B9E90EF11A400602000244000178440001797870404AF7D99029AE4F403B97CE746CB967', 55, 0, 0);
INSERT INTO public."TRIP_DRIVER" ("ID", "POINT_START", "POINT_END", "CAR_ID", "IS_ACTIVE", "IS_FINISHED", "IS_SAVED", "TIME_END", "AVAILABLE_SEATS", "TIME_START", "DISTANCE", "IS_HISTORY", "COORD_START", "COORD_END", "CHAT", "RATING", "RATED_PEOPLE") VALUES (62, 'Belarus, Minsk', 'Belarus, Minskaja voblasć, trassa Minsk - Grodno, 11-y kilometr', 26, true, false, false, '2019-08-08 19:00:00.000000', 3, '2019-08-08 18:00:00.000000', 100, false, E'\\xACED000573720026636F6D2E65786164656C2E65686974636868696B696E672E72657175657374732E506F696E74ADEBD33A615A8BBA020000787200226F72672E737072696E676672616D65776F726B2E646174612E67656F2E506F696E7431B9E90EF11A400602000244000178440001797870404AF384FD2A62AA403B8FBD3804534C', E'\\xACED000573720026636F6D2E65786164656C2E65686974636868696B696E672E72657175657374732E506F696E74ADEBD33A615A8BBA020000787200226F72672E737072696E676672616D65776F726B2E646174612E67656F2E506F696E7431B9E90EF11A400602000244000178440001797870404AF4AAB8A5CE5B403B67AC81D3AA37', 61, 0, 0);
INSERT INTO public."TRIP_PASSENGER" ("ID", "POINT_START", "POINT_END", "PASS_ID", "IS_ACTIVE", "IS_FINISHED", "IS_SAVED", "TIME_END", "TRIP_DRIVER", "BOOKED_SEATS", "TIME_START", "DISTANCE", "IS_HISTORY", "COORD_START", "COORD_END", "RATING") VALUES (46, 'Belarus, Minsk, vulica Akademika Kupreviča, 3', 'Belarus, Minsk, praspiekt Niezaliežnasci, 4', 14, true, false, false, '2019-08-08 04:00:00.000000', 33, 1, '2019-08-08 04:00:00.000000', 8.300000190734863, false, E'\\xACED000573720026636F6D2E65786164656C2E65686974636868696B696E672E72657175657374732E506F696E74ADEBD33A615A8BBA020000787200226F72672E737072696E676672616D65776F726B2E646174612E67656F2E506F696E7431B9E90EF11A400602000244000178440001797870404AF678152E1C77403BAE0DB295E898', E'\\xACED000573720026636F6D2E65786164656C2E65686974636868696B696E672E72657175657374732E506F696E74ADEBD33A615A8BBA020000787200226F72672E737072696E676672616D65776F726B2E646174612E67656F2E506F696E7431B9E90EF11A400602000244000178440001797870404AF2699C7BCC29403B8C11A11233DF', 0);
INSERT INTO public."TRIP_PASSENGER" ("ID", "POINT_START", "POINT_END", "PASS_ID", "IS_ACTIVE", "IS_FINISHED", "IS_SAVED", "TIME_END", "TRIP_DRIVER", "BOOKED_SEATS", "TIME_START", "DISTANCE", "IS_HISTORY", "COORD_START", "COORD_END", "RATING") VALUES (47, 'Belarus, Minsk, praspiekt Niezaliežnasci, 89', 'Belarus, Minsk, vulica Rafijeva, 44', 14, false, false, false, '2019-08-08 02:15:00.000000', 41, 1, '2019-08-08 02:15:00.000000', 8.399999618530273, true, E'\\xACED000573720026636F6D2E65786164656C2E65686974636868696B696E672E72657175657374732E506F696E74ADEBD33A615A8BBA020000787200226F72672E737072696E676672616D65776F726B2E646174612E67656F2E506F696E7431B9E90EF11A400602000244000178440001797870404AF60733334C3B403B990C3295E95F', E'\\xACED000573720026636F6D2E65786164656C2E65686974636868696B696E672E72657175657374732E506F696E74ADEBD33A615A8BBA020000787200226F72672E737072696E676672616D65776F726B2E646174612E67656F2E506F696E7431B9E90EF11A400602000244000178440001797870404AEEC5E2CDC012403B7407BBB62414', 0);
INSERT INTO public."TRIP_PASSENGER" ("ID", "POINT_START", "POINT_END", "PASS_ID", "IS_ACTIVE", "IS_FINISHED", "IS_SAVED", "TIME_END", "TRIP_DRIVER", "BOOKED_SEATS", "TIME_START", "DISTANCE", "IS_HISTORY", "COORD_START", "COORD_END", "RATING") VALUES (48, 'Belarus, Minsk, vulica Akademika Kupreviča, 3', 'Belarus, Minsk, praspiekt Niezaliežnasci, 4', 17, false, false, true, '2019-08-08 04:00:00.000000', 33, 1, '2019-08-08 04:00:00.000000', 8.300000190734863, true, E'\\xACED000573720026636F6D2E65786164656C2E65686974636868696B696E672E72657175657374732E506F696E74ADEBD33A615A8BBA020000787200226F72672E737072696E676672616D65776F726B2E646174612E67656F2E506F696E7431B9E90EF11A400602000244000178440001797870404AF798E31CAB8C403BA67EB295E8AD', E'\\xACED000573720026636F6D2E65786164656C2E65686974636868696B696E672E72657175657374732E506F696E74ADEBD33A615A8BBA020000787200226F72672E737072696E676672616D65776F726B2E646174612E67656F2E506F696E7431B9E90EF11A400602000244000178440001797870404AF2699C7BCC29403B8C11A11233DF', 0);
INSERT INTO public."TRIP_PASSENGER" ("ID", "POINT_START", "POINT_END", "PASS_ID", "IS_ACTIVE", "IS_FINISHED", "IS_SAVED", "TIME_END", "TRIP_DRIVER", "BOOKED_SEATS", "TIME_START", "DISTANCE", "IS_HISTORY", "COORD_START", "COORD_END", "RATING") VALUES (50, 'Belarus, Minsk, praspiekt Niezaliežnasci, 168', 'Belarus, Minsk, Kastryčnickaja vulica, 10', 18, true, false, false, '2019-08-08 12:00:00.000000', 35, 1, '2019-08-08 12:00:00.000000', 7.5, false, E'\\xACED000573720026636F6D2E65786164656C2E65686974636868696B696E672E72657175657374732E506F696E74ADEBD33A615A8BBA020000787200226F72672E737072696E676672616D65776F726B2E646174612E67656F2E506F696E7431B9E90EF11A400602000244000178440001797870404AF536029AACFF403B9544B295E94D', E'\\xACED000573720026636F6D2E65786164656C2E65686974636868696B696E672E72657175657374732E506F696E74ADEBD33A615A8BBA020000787200226F72672E737072696E676672616D65776F726B2E646174612E67656F2E506F696E7431B9E90EF11A400602000244000178440001797870404AF22D9CF13CEF403B9134CE3DE615', 0);
INSERT INTO public."TRIP_PASSENGER" ("ID", "POINT_START", "POINT_END", "PASS_ID", "IS_ACTIVE", "IS_FINISHED", "IS_SAVED", "TIME_END", "TRIP_DRIVER", "BOOKED_SEATS", "TIME_START", "DISTANCE", "IS_HISTORY", "COORD_START", "COORD_END", "RATING") VALUES (57, 'Belarus, Minsk, vulica Klary Cetkin', 'Belarus, Minsk, vulica Zacharava', 13, true, false, false, '2019-08-08 03:10:00.000000', 54, 1, '2019-08-08 03:10:00.000000', 2.5999999046325684, false, E'\\xACED000573720026636F6D2E65786164656C2E65686974636868696B696E672E72657175657374732E506F696E74ADEBD33A615A8BBA020000787200226F72672E737072696E676672616D65776F726B2E646174612E67656F2E506F696E7431B9E90EF11A400602000244000178440001797870404AF2D05E0CDFF9403B91779295E848', E'\\xACED000573720026636F6D2E65786164656C2E65686974636868696B696E672E72657175657374732E506F696E74ADEBD33A615A8BBA020000787200226F72672E737072696E676672616D65776F726B2E646174612E67656F2E506F696E7431B9E90EF11A400602000244000178440001797870404AF384FD2A62AA403B8FBD3804534C', 0);
INSERT INTO public."TRIP_PASSENGER" ("ID", "POINT_START", "POINT_END", "PASS_ID", "IS_ACTIVE", "IS_FINISHED", "IS_SAVED", "TIME_END", "TRIP_DRIVER", "BOOKED_SEATS", "TIME_START", "DISTANCE", "IS_HISTORY", "COORD_START", "COORD_END", "RATING") VALUES (58, 'Belarus, Minsk, vulica Akademika Kupreviča, 3', 'Belarus, Minsk, praspiekt Niezaliežnasci, 4', 17, true, false, false, '2019-08-08 04:00:00.000000', 33, 1, '2019-08-08 04:00:00.000000', 8.300000190734863, false, E'\\xACED000573720026636F6D2E65786164656C2E65686974636868696B696E672E72657175657374732E506F696E74ADEBD33A615A8BBA020000787200226F72672E737072696E676672616D65776F726B2E646174612E67656F2E506F696E7431B9E90EF11A400602000244000178440001797870404AF79C34D507C6403BA6953295E6A5', E'\\xACED000573720026636F6D2E65786164656C2E65686974636868696B696E672E72657175657374732E506F696E74ADEBD33A615A8BBA020000787200226F72672E737072696E676672616D65776F726B2E646174612E67656F2E506F696E7431B9E90EF11A400602000244000178440001797870404AF2699C7BCC29403B8C11A11233DF', 0);
INSERT INTO public."TRIP_PASSENGER" ("ID", "POINT_START", "POINT_END", "PASS_ID", "IS_ACTIVE", "IS_FINISHED", "IS_SAVED", "TIME_END", "TRIP_DRIVER", "BOOKED_SEATS", "TIME_START", "DISTANCE", "IS_HISTORY", "COORD_START", "COORD_END", "RATING") VALUES (49, 'Belarus, Minsk, praspiekt Niezaliežnasci, 89', 'Belarus, Minsk, vulica Rafijeva, 44', 17, false, false, false, '2019-08-08 02:15:00.000000', 41, 2, '2019-08-08 02:15:00.000000', 8.399999618530273, true, E'\\xACED000573720026636F6D2E65786164656C2E65686974636868696B696E672E72657175657374732E506F696E74ADEBD33A615A8BBA020000787200226F72672E737072696E676672616D65776F726B2E646174612E67656F2E506F696E7431B9E90EF11A400602000244000178440001797870404AF46B6E401822403B9360F295E8F8', E'\\xACED000573720026636F6D2E65786164656C2E65686974636868696B696E672E72657175657374732E506F696E74ADEBD33A615A8BBA020000787200226F72672E737072696E676672616D65776F726B2E646174612E67656F2E506F696E7431B9E90EF11A400602000244000178440001797870404AEEC5E2CDC012403B7407BBB62414', 0);
INSERT INTO public."TRIP_PASSENGER" ("ID", "POINT_START", "POINT_END", "PASS_ID", "IS_ACTIVE", "IS_FINISHED", "IS_SAVED", "TIME_END", "TRIP_DRIVER", "BOOKED_SEATS", "TIME_START", "DISTANCE", "IS_HISTORY", "COORD_START", "COORD_END", "RATING") VALUES (59, 'Belarus, Minsk, Kastryčnicki rajon, residental complex Minsk-World', 'Belarus, Minskaja voblasć, trassa Minsk - Mogilev, 11-y kilometr', 17, true, false, false, '2019-08-08 01:10:00.000000', 52, 1, '2019-08-08 01:10:00.000000', 6.699999809265137, false, E'\\xACED000573720026636F6D2E65786164656C2E65686974636868696B696E672E72657175657374732E506F696E74ADEBD33A615A8BBA020000787200226F72672E737072696E676672616D65776F726B2E646174612E67656F2E506F696E7431B9E90EF11A400602000244000178440001797870404AEE29A923B35C403BADB3B295E99B', E'\\xACED000573720026636F6D2E65786164656C2E65686974636868696B696E672E72657175657374732E506F696E74ADEBD33A615A8BBA020000787200226F72672E737072696E676672616D65776F726B2E646174612E67656F2E506F696E7431B9E90EF11A400602000244000178440001797870404AED225B749ADD403BB234549B62C7', 0);
INSERT INTO public."TRIP_PASSENGER" ("ID", "POINT_START", "POINT_END", "PASS_ID", "IS_ACTIVE", "IS_FINISHED", "IS_SAVED", "TIME_END", "TRIP_DRIVER", "BOOKED_SEATS", "TIME_START", "DISTANCE", "IS_HISTORY", "COORD_START", "COORD_END", "RATING") VALUES (60, 'Belarus, Ščara River', 'Belarus, Minsk, vulica Kazlova', 17, false, true, false, '2019-08-09 01:20:00.000000', 37, 1, '2019-08-09 01:20:00.000000', 120, true, E'\\xACED000573720026636F6D2E65786164656C2E65686974636868696B696E672E72657175657374732E506F696E74ADEBD33A615A8BBA020000787200226F72672E737072696E676672616D65776F726B2E646174612E67656F2E506F696E7431B9E90EF11A400602000244000178440001797870404AEBED9E7D4594403B782D3295E9A1', E'\\xACED000573720026636F6D2E65786164656C2E65686974636868696B696E672E72657175657374732E506F696E74ADEBD33A615A8BBA020000787200226F72672E737072696E676672616D65776F726B2E646174612E67656F2E506F696E7431B9E90EF11A400602000244000178440001797870404AF4159817B95A403B96AC322291FB', 0);
INSERT INTO public."TRIP_PASSENGER" ("ID", "POINT_START", "POINT_END", "PASS_ID", "IS_ACTIVE", "IS_FINISHED", "IS_SAVED", "TIME_END", "TRIP_DRIVER", "BOOKED_SEATS", "TIME_START", "DISTANCE", "IS_HISTORY", "COORD_START", "COORD_END", "RATING") VALUES (69, 'Belarus, Minsk, Minsk National Airport', 'Belarus, Hrodna', 13, false, true, false, '2019-08-07 04:00:00.000000', 68, 1, '2019-08-07 04:00:00.000000', 200, true, E'\\xACED000573720026636F6D2E65786164656C2E65686974636868696B696E672E72657175657374732E506F696E74ADEBD33A615A8BBA020000787200226F72672E737072696E676672616D65776F726B2E646174612E67656F2E506F696E7431B9E90EF11A400602000244000178440001797870404AF9D6FE8DAD0E403B7384B295E95E', E'\\xACED000573720026636F6D2E65786164656C2E65686974636868696B696E672E72657175657374732E506F696E74ADEBD33A615A8BBA020000787200226F72672E737072696E676672616D65776F726B2E646174612E67656F2E506F696E7431B9E90EF11A400602000244000178440001797870404AD6C343B70EF54037D45C03361566', 0);
INSERT INTO public."CHAT" ("ID", "HISTORY") VALUES (30, '[]');
INSERT INTO public."CHAT" ("ID", "HISTORY") VALUES (36, '[]');
INSERT INTO public."CHAT" ("ID", "HISTORY") VALUES (38, '[]');
INSERT INTO public."CHAT" ("ID", "HISTORY") VALUES (42, '[]');
INSERT INTO public."CHAT" ("ID", "HISTORY") VALUES (44, '[]');
INSERT INTO public."CHAT" ("ID", "HISTORY") VALUES (40, '[{"email":"alexey.chernyakov00@gmail.com","name":"Alexey","content":"Привет, буду раньше","date":1565181096044},{"email":"elizabeth.kemerov@gmail.com","name":"Elizabeth","content":"Привет, Лешка","date":1565182338839}]');
INSERT INTO public."CHAT" ("ID", "HISTORY") VALUES (34, '[{"email":"raul221299@gmail.com","name":"Gleb","content":"Привет, Я жду тебя около метро","date":1565185634134}]');
INSERT INTO public."CHAT" ("ID", "HISTORY") VALUES (51, '[]');
INSERT INTO public."CHAT" ("ID", "HISTORY") VALUES (53, '[]');
INSERT INTO public."CHAT" ("ID", "HISTORY") VALUES (55, '[]');
INSERT INTO public."CHAT" ("ID", "HISTORY") VALUES (61, '[]');
INSERT INTO public."CHAT" ("ID", "HISTORY") VALUES (63, '[]');
INSERT INTO public."CHAT" ("ID", "HISTORY") VALUES (65, '[]');
INSERT INTO public."CHAT" ("ID", "HISTORY") VALUES (67, '[]');
INSERT INTO public."CHAT" ("ID", "HISTORY") VALUES (32, '[{"email":"alexey.chernyakov00@gmail.com","name":"Alexey","content":"Опоздаю на 5 минут))","date":1565180980722},{"email":"alexey.chernyakov00@gmail.com","name":"Alexey","content":"Привет, как дела?","date":1565181075875},{"email":"elizabeth.kemerov@gmail.com","name":"Elizabeth","content":"Привет, ок","date":1565181589754},{"email":"elizabeth.kemerov@gmail.com","name":"Elizabeth","content":"Жду","date":1565181614315},{"email":"youliaromanova99@mail.ru","name":"Julia","content":"Привет, ребятки","date":1565183135370},{"email":"alexey.chernyakov00@gmail.com","name":"Alexey","content":"Привет, как дела, @Julia?","date":1565183251692},{"email":"alexey.chernyakov00@gmail.com","name":"Alexey","content":"Когда тебя ждать?","date":1565183284329},{"email":"alexey.chernyakov00@gmail.com","name":"Alexey","content":"Я уже еду :)","date":1565188806780}]');
